<keymap version="1" name="Sublime Text (macOS) copy" parent="Sublime Text (Mac OS X)">
  <action id="$Paste">
    <keyboard-shortcut first-keystroke="meta v" />
  </action>
  <action id="Editor Paste">
    <keyboard-shortcut first-keystroke="meta v" />
  </action>
  <action id="EditorPaste" />
  <action id="EditorPasteSimple">
    <keyboard-shortcut first-keystroke="shift meta v" />
  </action>
  <action id="Terminal.Paste">
    <keyboard-shortcut first-keystroke="shift insert" />
  </action>
</keymap>