<application>
  <component name="MaterialThemeConfig">
    <option name="contrastMode" value="true" />
    <option name="allowDataCollection" value="true" />
    <option name="compactSidebar" value="true" />
    <option name="isContrastMode" value="true" />
    <option name="customListItemsSizeEnabled" value="true" />
    <option name="isWizardShown" value="true" />
    <option name="pristineConfig" value="false" />
    <option name="customSidebarHeight" value="19" />
    <option name="customListItemsSize" value="18" />
    <option name="settingsSelectedTab" value="1" />
    <option name="tabsHeight" value="11" />
    <option name="accentColor" value="ab47bc" />
    <option name="selectedTheme" value="PALENIGHT" />
    <option name="userId" value="-4089ab5f:17f8bff5894:-8000" />
    <option name="version" value="6.16.2" />
  </component>
</application>